{
  "version": "1.0",
  "gridBounds": {
    "min": [
      -25.400000000000002,
      -8.4,
      -17.6
    ],
    "max": [
      20.200000000000003,
      13,
      28.8
    ]
  },
  "sceneBounds": {
    "min": [
      -25.39213639150784,
      -8.252002628716724,
      -17.451535014393045
    ],
    "max": [
      20.12966074785695,
      12.827796903484714,
      28.74637547876489
    ]
  },
  "voxelResolution": 0.05,
  "leafSize": 4,
  "treeDepth": 8,
  "numInteriorNodes": 9378,
  "numMixedLeaves": 22418,
  "nodeCount": 32423,
  "leafDataCount": 44836
}